<?xml version="1.0" encoding="UTF-8"?>
<!DOCTYPE filesystem PUBLIC "-//NetBeans//DTD Filesystem 1.2//EN" "http://www.netbeans.org/dtds/filesystem-1_2.dtd">
<filesystem>
    <folder name="Loaders">
        <folder name="application">
            <folder name="x-cdf">
                <folder name="Actions">
                    <file name="org-openide-actions-CopyAction.shadow">
                        <attr name="originalFile" stringvalue="Actions/Edit/org-openide-actions-CopyAction.instance"/>
                        <attr name="position" intvalue="300"/>
                    </file>
                    <file name="org-openide-actions-CutAction.shadow">
                        <attr name="originalFile" stringvalue="Actions/Edit/org-openide-actions-CutAction.instance"/>
                        <attr name="position" intvalue="200"/>
                    </file>
                    <file name="org-openide-actions-DeleteAction.shadow">
                        <attr name="originalFile" stringvalue="Actions/Edit/org-openide-actions-DeleteAction.instance"/>
                        <attr name="position" intvalue="500"/>
                    </file>
                    <file name="org-openide-actions-FileSystemAction.shadow">
                        <attr name="originalFile" stringvalue="Actions/System/org-openide-actions-FileSystemAction.instance"/>
                        <attr name="position" intvalue="1000"/>
                    </file>
                    <file name="org-openide-actions-PropertiesAction.shadow">
                        <attr name="originalFile" stringvalue="Actions/System/org-openide-actions-PropertiesAction.instance"/>
                        <attr name="position" intvalue="1300"/>
                    </file>
                    <file name="org-openide-actions-RenameAction.shadow">
                        <attr name="originalFile" stringvalue="Actions/System/org-openide-actions-RenameAction.instance"/>
                        <attr name="position" intvalue="600"/>
                    </file>
                    <file name="org-openide-actions-SaveAsTemplateAction.shadow">
                        <attr name="originalFile" stringvalue="Actions/System/org-openide-actions-SaveAsTemplateAction.instance"/>
                        <attr name="position" intvalue="800"/>
                    </file>
                    <file name="org-openide-actions-ToolsAction.shadow">
                        <attr name="originalFile" stringvalue="Actions/System/org-openide-actions-ToolsAction.instance"/>
                        <attr name="position" intvalue="1200"/>
                    </file>
                    <file name="sep-1.instance">
                        <attr name="instanceClass" stringvalue="javax.swing.JSeparator"/>
                        <attr name="position" intvalue="100"/>
                    </file>
                    <file name="sep-2.instance">
                        <attr name="instanceClass" stringvalue="javax.swing.JSeparator"/>
                        <attr name="position" intvalue="400"/>
                    </file>
                    <file name="sep-3.instance">
                        <attr name="instanceClass" stringvalue="javax.swing.JSeparator"/>
                        <attr name="position" intvalue="700"/>
                    </file>
                    <file name="sep-4.instance">
                        <attr name="instanceClass" stringvalue="javax.swing.JSeparator"/>
                        <attr name="position" intvalue="900"/>
                    </file>
                    <file name="sep-5.instance">
                        <attr name="instanceClass" stringvalue="javax.swing.JSeparator"/>
                        <attr name="position" intvalue="1100"/>
                    </file>
                </folder>
                <folder name="Factories">
                    <file name="CDFDataLoader.instance">
                        <attr name="SystemFileSystem.icon" urlvalue="nbresloc:/maltcms/ui/fileHandles/cdf/resources/cdflogo.png"/>
                        <attr name="dataObjectClass" stringvalue="maltcms.ui.fileHandles.cdf.CDFDataObject"/>
                        <attr name="instanceCreate" methodvalue="org.openide.loaders.DataLoaderPool.factory"/>
                        <attr name="mimeType" stringvalue="application/x-cdf"/>
                    </file>
                </folder>
            </folder>
        </folder>
        <folder name="text">
            <folder name="csv">
                <folder name="Actions">
                    <file name="org-openide-actions-CopyAction.shadow">
                        <attr name="originalFile" stringvalue="Actions/Edit/org-openide-actions-CopyAction.instance"/>
                        <attr name="position" intvalue="400"/>
                    </file>
                    <file name="org-openide-actions-CutAction.shadow">
                        <attr name="originalFile" stringvalue="Actions/Edit/org-openide-actions-CutAction.instance"/>
                        <attr name="position" intvalue="300"/>
                    </file>
                    <file name="org-openide-actions-DeleteAction.shadow">
                        <attr name="originalFile" stringvalue="Actions/Edit/org-openide-actions-DeleteAction.instance"/>
                        <attr name="position" intvalue="600"/>
                    </file>
                    <file name="org-openide-actions-FileSystemAction.shadow">
                        <attr name="originalFile" stringvalue="Actions/System/org-openide-actions-FileSystemAction.instance"/>
                        <attr name="position" intvalue="1100"/>
                    </file>
                    <file name="org-openide-actions-OpenAction.shadow">
                        <attr name="originalFile" stringvalue="Actions/System/org-openide-actions-OpenAction.instance"/>
                        <attr name="position" intvalue="100"/>
                    </file>
                    <file name="org-openide-actions-PropertiesAction.shadow">
                        <attr name="originalFile" stringvalue="Actions/System/org-openide-actions-PropertiesAction.instance"/>
                        <attr name="position" intvalue="1400"/>
                    </file>
                    <file name="org-openide-actions-RenameAction.shadow">
                        <attr name="originalFile" stringvalue="Actions/System/org-openide-actions-RenameAction.instance"/>
                        <attr name="position" intvalue="700"/>
                    </file>
                    <file name="org-openide-actions-SaveAsTemplateAction.shadow">
                        <attr name="originalFile" stringvalue="Actions/System/org-openide-actions-SaveAsTemplateAction.instance"/>
                        <attr name="position" intvalue="900"/>
                    </file>
                    <file name="org-openide-actions-ToolsAction.shadow">
                        <attr name="originalFile" stringvalue="Actions/System/org-openide-actions-ToolsAction.instance"/>
                        <attr name="position" intvalue="1300"/>
                    </file>
                    <file name="sep-1.instance">
                        <attr name="instanceClass" stringvalue="javax.swing.JSeparator"/>
                        <attr name="position" intvalue="200"/>
                    </file>
                    <file name="sep-2.instance">
                        <attr name="instanceClass" stringvalue="javax.swing.JSeparator"/>
                        <attr name="position" intvalue="500"/>
                    </file>
                    <file name="sep-3.instance">
                        <attr name="instanceClass" stringvalue="javax.swing.JSeparator"/>
                        <attr name="position" intvalue="800"/>
                    </file>
                    <file name="sep-4.instance">
                        <attr name="instanceClass" stringvalue="javax.swing.JSeparator"/>
                        <attr name="position" intvalue="1000"/>
                    </file>
                    <file name="sep-5.instance">
                        <attr name="instanceClass" stringvalue="javax.swing.JSeparator"/>
                        <attr name="position" intvalue="1200"/>
                    </file>
                </folder>
                <folder name="Factories">
                    <file name="CSVDataLoader.instance">
                        <attr name="SystemFileSystem.icon" urlvalue="nbresloc:/maltcms/ui/fileHandles/csv/resources/csvlogo.png"/>
                        <attr name="dataObjectClass" stringvalue="maltcms.ui.fileHandles.csv.CSVDataObject"/>
                        <attr name="instanceCreate" methodvalue="org.openide.loaders.DataLoaderPool.factory"/>
                        <attr name="mimeType" stringvalue="text/csv"/>
                    </file>
                </folder>
            </folder>
        </folder>
    </folder>
    <folder name="Services">
        <folder name="MIMEResolver">
            <file name="CDFResolver.xml" url="CDFResolver.xml">
                <attr name="displayName" bundlevalue="maltcms.ui.fileHandles.Bundle#Services/MIMEResolver/CDFResolver.xml"/>
            </file>
            <file name="CSVResolver.xml" url="CSVResolver.xml">
                <attr name="displayName" bundlevalue="maltcms.ui.fileHandles.Bundle#Services/MIMEResolver/CSVResolver.xml"/>
            </file>
        </folder>
    </folder>
    <folder name="Templates">
        <folder name="Other">
            <file name="CDFTemplate.cdf" url="CDFTemplate.cdf">
                <attr name="displayName" bundlevalue="maltcms.ui.fileHandles.Bundle#Templates/Other/CDFTemplate.cdf"/>
                <attr name="template" boolvalue="true"/>
            </file>
            <file name="CSVTemplate.csv" url="CSVTemplate.csv">
                <attr name="displayName" bundlevalue="maltcms.ui.fileHandles.Bundle#Templates/Other/CSVTemplate.csv"/>
                <attr name="template" boolvalue="true"/>
            </file>
        </folder>
    </folder>
</filesystem>
