<?xml version="1.0" encoding="UTF-8"?>
<!--
*** GENERATED FROM project.xml - DO NOT EDIT  ***
***         EDIT ../build.xml INSTEAD         ***
-->
<project name="ChromAUI-impl" basedir=".." xmlns:sproject="http://www.netbeans.org/ns/nb-module-suite-project/1">
    <fail message="Please build using Ant 1.7.1 or higher.">
        <condition>
            <not>
                <antversion atleast="1.7.1"/>
            </not>
        </condition>
    </fail>
    <property file="nbproject/private/platform-private.properties"/>
    <property file="nbproject/platform.properties"/>
    <macrodef name="property" uri="http://www.netbeans.org/ns/nb-module-suite-project/1">
        <attribute name="name"/>
        <attribute name="value"/>
        <sequential>
            <property name="@{name}" value="${@{value}}"/>
        </sequential>
    </macrodef>
    <macrodef name="evalprops" uri="http://www.netbeans.org/ns/nb-module-suite-project/1">
        <attribute name="property"/>
        <attribute name="value"/>
        <sequential>
            <property name="@{property}" value="@{value}"/>
        </sequential>
    </macrodef>
    <property file="${user.properties.file}"/>
    <sproject:property name="harness.dir" value="nbplatform.${nbplatform.active}.harness.dir"/>
    <sproject:property name="nbplatform.active.dir" value="nbplatform.${nbplatform.active}.netbeans.dest.dir"/>
    <sproject:evalprops property="cluster.path.evaluated" value="${cluster.path}"/>
    <fail message="Path to 'platform' cluster missing in $${cluster.path} property or using corrupt Netbeans Platform (missing harness).">
        <condition>
            <not>
                <contains string="${cluster.path.evaluated}" substring="platform"/>
            </not>
        </condition>
    </fail>
    <import file="${harness.dir}/suite.xml"/>
</project>
