<?xml version="1.0" encoding="UTF-8"?>
<project xmlns="http://www.netbeans.org/ns/project/1">
    <type>org.netbeans.modules.apisupport.project</type>
    <configuration>
        <data xmlns="http://www.netbeans.org/ns/nb-module-project/3">
            <code-name-base>maltcms.alib.toolsui</code-name-base>
            <suite-component/>
            <module-dependencies/>
            <public-packages>
                <package>Jama</package>
                <package>Jama.examples</package>
                <package>Jama.test</package>
                <package>Jama.util</package>
                <package>colorspace</package>
                <package>com.google.protobuf</package>
                <package>com.jgoodies.forms.builder</package>
                <package>com.jgoodies.forms.debug</package>
                <package>com.jgoodies.forms.factories</package>
                <package>com.jgoodies.forms.layout</package>
                <package>com.jgoodies.forms.util</package>
                <package>edu.wisc.ssec.mcidas</package>
                <package>edu.wisc.ssec.mcidas.adde</package>
                <package>gnu.getopt</package>
                <package>gnu.regexp</package>
                <package>icc</package>
                <package>javax.xml</package>
                <package>javax.xml.namespace</package>
                <package>javax.xml.stream</package>
                <package>javax.xml.stream.events</package>
                <package>javax.xml.stream.util</package>
                <package>jj2000.j2k</package>
                <package>jj2000.j2k.codestream</package>
                <package>jj2000.j2k.codestream.reader</package>
                <package>jj2000.j2k.decoder</package>
                <package>jj2000.j2k.entropy</package>
                <package>jj2000.j2k.entropy.decoder</package>
                <package>jj2000.j2k.fileformat</package>
                <package>jj2000.j2k.fileformat.reader</package>
                <package>jj2000.j2k.image</package>
                <package>jj2000.j2k.image.invcomptransf</package>
                <package>jj2000.j2k.image.output</package>
                <package>jj2000.j2k.io</package>
                <package>jj2000.j2k.quantization</package>
                <package>jj2000.j2k.quantization.dequantizer</package>
                <package>jj2000.j2k.roi</package>
                <package>jj2000.j2k.util</package>
                <package>jj2000.j2k.wavelet</package>
                <package>jj2000.j2k.wavelet.synthesis</package>
                <package>loci.formats</package>
                <package>loci.formats.codec</package>
                <package>loci.formats.gui</package>
                <package>loci.formats.in</package>
                <package>loci.formats.out</package>
                <package>ncsa.hdf.hdf5lib</package>
                <package>ncsa.hdf.hdf5lib.exceptions</package>
                <package>net.jcip.annotations</package>
                <package>net.sf.ehcache</package>
                <package>net.sf.ehcache.bootstrap</package>
                <package>net.sf.ehcache.concurrent</package>
                <package>net.sf.ehcache.config</package>
                <package>net.sf.ehcache.constructs.asynchronous</package>
                <package>net.sf.ehcache.constructs.blocking</package>
                <package>net.sf.ehcache.distribution</package>
                <package>net.sf.ehcache.event</package>
                <package>net.sf.ehcache.exceptionhandler</package>
                <package>net.sf.ehcache.extension</package>
                <package>net.sf.ehcache.hibernate</package>
                <package>net.sf.ehcache.loader</package>
                <package>net.sf.ehcache.management</package>
                <package>net.sf.ehcache.store</package>
                <package>net.sf.ehcache.util</package>
                <package>nom.tam.fits</package>
                <package>nom.tam.test</package>
                <package>nom.tam.util</package>
                <package>opendap</package>
                <package>opendap.dap</package>
                <package>opendap.dap.Server</package>
                <package>opendap.dap.XMLparser</package>
                <package>opendap.dap.functions</package>
                <package>opendap.dap.parser</package>
                <package>opendap.dap.test</package>
                <package>opendap.servers.ascii</package>
                <package>opendap.servers.test</package>
                <package>opendap.servers.www</package>
                <package>opendap.servlet</package>
                <package>opendap.util</package>
                <package>opendap.util.geturl</package>
                <package>opendap.util.geturl.gui</package>
                <package>opendap.util.gui</package>
                <package>org.aopalliance.aop</package>
                <package>org.aopalliance.intercept</package>
                <package>org.apache.commons.codec</package>
                <package>org.apache.commons.codec.binary</package>
                <package>org.apache.commons.codec.digest</package>
                <package>org.apache.commons.codec.language</package>
                <package>org.apache.commons.codec.net</package>
                <package>org.apache.commons.httpclient</package>
                <package>org.apache.commons.httpclient.auth</package>
                <package>org.apache.commons.httpclient.cookie</package>
                <package>org.apache.commons.httpclient.methods</package>
                <package>org.apache.commons.httpclient.methods.multipart</package>
                <package>org.apache.commons.httpclient.params</package>
                <package>org.apache.commons.httpclient.protocol</package>
                <package>org.apache.commons.httpclient.util</package>
                <package>org.apache.commons.logging</package>
                <package>org.apache.commons.logging.impl</package>
                <package>org.apache.lucene.analysis</package>
                <package>org.apache.lucene.analysis.de</package>
                <package>org.apache.lucene.analysis.ru</package>
                <package>org.apache.lucene.analysis.standard</package>
                <package>org.apache.lucene.document</package>
                <package>org.apache.lucene.index</package>
                <package>org.apache.lucene.queryParser</package>
                <package>org.apache.lucene.search</package>
                <package>org.apache.lucene.search.spans</package>
                <package>org.apache.lucene.store</package>
                <package>org.apache.lucene.util</package>
                <package>org.bounce</package>
                <package>org.bounce.com.sun.syndication.io</package>
                <package>org.bounce.event</package>
                <package>org.bounce.image</package>
                <package>org.bounce.message</package>
                <package>org.bounce.net</package>
                <package>org.bounce.plaf</package>
                <package>org.bounce.preferences</package>
                <package>org.bounce.text</package>
                <package>org.bounce.text.xml</package>
                <package>org.bounce.util</package>
                <package>org.bounce.viewer.xml</package>
                <package>org.bounce.wizard</package>
                <package>org.bounce.xml</package>
                <package>org.jdom</package>
                <package>org.jdom.adapters</package>
                <package>org.jdom.filter</package>
                <package>org.jdom.input</package>
                <package>org.jdom.output</package>
                <package>org.jdom.transform</package>
                <package>org.jdom.xpath</package>
                <package>org.slf4j</package>
                <package>org.slf4j.helpers</package>
                <package>org.slf4j.impl</package>
                <package>org.slf4j.spi</package>
                <package>org.springframework.aop</package>
                <package>org.springframework.aop.aspectj</package>
                <package>org.springframework.aop.aspectj.annotation</package>
                <package>org.springframework.aop.aspectj.autoproxy</package>
                <package>org.springframework.aop.config</package>
                <package>org.springframework.aop.framework</package>
                <package>org.springframework.aop.framework.adapter</package>
                <package>org.springframework.aop.framework.autoproxy</package>
                <package>org.springframework.aop.framework.autoproxy.target</package>
                <package>org.springframework.aop.interceptor</package>
                <package>org.springframework.aop.scope</package>
                <package>org.springframework.aop.support</package>
                <package>org.springframework.aop.support.annotation</package>
                <package>org.springframework.aop.target</package>
                <package>org.springframework.aop.target.dynamic</package>
                <package>org.springframework.asm</package>
                <package>org.springframework.asm.commons</package>
                <package>org.springframework.asm.signature</package>
                <package>org.springframework.beans</package>
                <package>org.springframework.beans.annotation</package>
                <package>org.springframework.beans.factory</package>
                <package>org.springframework.beans.factory.access</package>
                <package>org.springframework.beans.factory.access.el</package>
                <package>org.springframework.beans.factory.annotation</package>
                <package>org.springframework.beans.factory.config</package>
                <package>org.springframework.beans.factory.generic</package>
                <package>org.springframework.beans.factory.parsing</package>
                <package>org.springframework.beans.factory.serviceloader</package>
                <package>org.springframework.beans.factory.support</package>
                <package>org.springframework.beans.factory.wiring</package>
                <package>org.springframework.beans.factory.xml</package>
                <package>org.springframework.beans.propertyeditors</package>
                <package>org.springframework.beans.support</package>
                <package>org.springframework.cache.ehcache</package>
                <package>org.springframework.context</package>
                <package>org.springframework.context.access</package>
                <package>org.springframework.context.annotation</package>
                <package>org.springframework.context.config</package>
                <package>org.springframework.context.event</package>
                <package>org.springframework.context.i18n</package>
                <package>org.springframework.context.support</package>
                <package>org.springframework.context.weaving</package>
                <package>org.springframework.core</package>
                <package>org.springframework.core.annotation</package>
                <package>org.springframework.core.enums</package>
                <package>org.springframework.core.io</package>
                <package>org.springframework.core.io.support</package>
                <package>org.springframework.core.style</package>
                <package>org.springframework.core.task</package>
                <package>org.springframework.core.task.support</package>
                <package>org.springframework.core.type</package>
                <package>org.springframework.core.type.classreading</package>
                <package>org.springframework.core.type.filter</package>
                <package>org.springframework.dao</package>
                <package>org.springframework.dao.annotation</package>
                <package>org.springframework.dao.support</package>
                <package>org.springframework.ejb.access</package>
                <package>org.springframework.ejb.config</package>
                <package>org.springframework.ejb.interceptor</package>
                <package>org.springframework.ejb.support</package>
                <package>org.springframework.instrument.classloading</package>
                <package>org.springframework.instrument.classloading.glassfish</package>
                <package>org.springframework.instrument.classloading.oc4j</package>
                <package>org.springframework.instrument.classloading.tomcat</package>
                <package>org.springframework.instrument.classloading.weblogic</package>
                <package>org.springframework.jca.cci</package>
                <package>org.springframework.jca.cci.connection</package>
                <package>org.springframework.jca.cci.core</package>
                <package>org.springframework.jca.cci.core.support</package>
                <package>org.springframework.jca.cci.object</package>
                <package>org.springframework.jca.context</package>
                <package>org.springframework.jca.endpoint</package>
                <package>org.springframework.jca.support</package>
                <package>org.springframework.jca.work</package>
                <package>org.springframework.jca.work.glassfish</package>
                <package>org.springframework.jca.work.jboss</package>
                <package>org.springframework.jdbc</package>
                <package>org.springframework.jdbc.core</package>
                <package>org.springframework.jdbc.core.metadata</package>
                <package>org.springframework.jdbc.core.namedparam</package>
                <package>org.springframework.jdbc.core.simple</package>
                <package>org.springframework.jdbc.core.support</package>
                <package>org.springframework.jdbc.datasource</package>
                <package>org.springframework.jdbc.datasource.lookup</package>
                <package>org.springframework.jdbc.object</package>
                <package>org.springframework.jdbc.support</package>
                <package>org.springframework.jdbc.support.incrementer</package>
                <package>org.springframework.jdbc.support.lob</package>
                <package>org.springframework.jdbc.support.nativejdbc</package>
                <package>org.springframework.jdbc.support.rowset</package>
                <package>org.springframework.jms</package>
                <package>org.springframework.jms.config</package>
                <package>org.springframework.jms.connection</package>
                <package>org.springframework.jms.core</package>
                <package>org.springframework.jms.core.support</package>
                <package>org.springframework.jms.listener</package>
                <package>org.springframework.jms.listener.adapter</package>
                <package>org.springframework.jms.listener.endpoint</package>
                <package>org.springframework.jms.listener.serversession</package>
                <package>org.springframework.jms.remoting</package>
                <package>org.springframework.jms.support</package>
                <package>org.springframework.jms.support.converter</package>
                <package>org.springframework.jms.support.destination</package>
                <package>org.springframework.jmx</package>
                <package>org.springframework.jmx.access</package>
                <package>org.springframework.jmx.export</package>
                <package>org.springframework.jmx.export.annotation</package>
                <package>org.springframework.jmx.export.assembler</package>
                <package>org.springframework.jmx.export.metadata</package>
                <package>org.springframework.jmx.export.naming</package>
                <package>org.springframework.jmx.export.notification</package>
                <package>org.springframework.jmx.support</package>
                <package>org.springframework.jndi</package>
                <package>org.springframework.jndi.support</package>
                <package>org.springframework.mail</package>
                <package>org.springframework.mail.javamail</package>
                <package>org.springframework.metadata</package>
                <package>org.springframework.metadata.commons</package>
                <package>org.springframework.orm</package>
                <package>org.springframework.orm.hibernate3</package>
                <package>org.springframework.orm.hibernate3.annotation</package>
                <package>org.springframework.orm.hibernate3.support</package>
                <package>org.springframework.orm.ibatis</package>
                <package>org.springframework.orm.ibatis.support</package>
                <package>org.springframework.orm.jdo</package>
                <package>org.springframework.orm.jdo.support</package>
                <package>org.springframework.orm.jpa</package>
                <package>org.springframework.orm.jpa.persistenceunit</package>
                <package>org.springframework.orm.jpa.support</package>
                <package>org.springframework.orm.jpa.vendor</package>
                <package>org.springframework.orm.toplink</package>
                <package>org.springframework.orm.toplink.support</package>
                <package>org.springframework.remoting</package>
                <package>org.springframework.remoting.caucho</package>
                <package>org.springframework.remoting.httpinvoker</package>
                <package>org.springframework.remoting.jaxrpc</package>
                <package>org.springframework.remoting.jaxrpc.support</package>
                <package>org.springframework.remoting.jaxws</package>
                <package>org.springframework.remoting.rmi</package>
                <package>org.springframework.remoting.soap</package>
                <package>org.springframework.remoting.support</package>
                <package>org.springframework.scheduling</package>
                <package>org.springframework.scheduling.backportconcurrent</package>
                <package>org.springframework.scheduling.commonj</package>
                <package>org.springframework.scheduling.concurrent</package>
                <package>org.springframework.scheduling.quartz</package>
                <package>org.springframework.scheduling.support</package>
                <package>org.springframework.scheduling.timer</package>
                <package>org.springframework.scripting</package>
                <package>org.springframework.scripting.bsh</package>
                <package>org.springframework.scripting.config</package>
                <package>org.springframework.scripting.groovy</package>
                <package>org.springframework.scripting.jruby</package>
                <package>org.springframework.scripting.support</package>
                <package>org.springframework.stereotype</package>
                <package>org.springframework.transaction</package>
                <package>org.springframework.transaction.annotation</package>
                <package>org.springframework.transaction.config</package>
                <package>org.springframework.transaction.interceptor</package>
                <package>org.springframework.transaction.jta</package>
                <package>org.springframework.transaction.support</package>
                <package>org.springframework.ui</package>
                <package>org.springframework.ui.context</package>
                <package>org.springframework.ui.context.support</package>
                <package>org.springframework.ui.freemarker</package>
                <package>org.springframework.ui.jasperreports</package>
                <package>org.springframework.ui.velocity</package>
                <package>org.springframework.util</package>
                <package>org.springframework.util.comparator</package>
                <package>org.springframework.util.xml</package>
                <package>org.springframework.validation</package>
                <package>org.springframework.web</package>
                <package>org.springframework.web.context</package>
                <package>org.springframework.web.context.request</package>
                <package>org.springframework.web.context.support</package>
                <package>org.springframework.web.filter</package>
                <package>org.springframework.web.jsf</package>
                <package>org.springframework.web.jsf.el</package>
                <package>org.springframework.web.util</package>
                <package>thredds.catalog</package>
                <package>thredds.catalog.crawl</package>
                <package>thredds.catalog.dl</package>
                <package>thredds.catalog.parser.jdom</package>
                <package>thredds.catalog.query</package>
                <package>thredds.catalog.search</package>
                <package>thredds.catalog.search.ui</package>
                <package>thredds.catalog.ui</package>
                <package>thredds.catalog.ui.query</package>
                <package>thredds.catalog.ui.tools</package>
                <package>thredds.catalog.util</package>
                <package>thredds.catalog2</package>
                <package>thredds.catalog2.builder</package>
                <package>thredds.catalog2.builder.util</package>
                <package>thredds.catalog2.simpleImpl</package>
                <package>thredds.catalog2.util</package>
                <package>thredds.catalog2.xml.names</package>
                <package>thredds.catalog2.xml.parser</package>
                <package>thredds.catalog2.xml.parser.stax</package>
                <package>thredds.catalog2.xml.writer</package>
                <package>thredds.catalog2.xml.writer.stax</package>
                <package>thredds.cataloggen</package>
                <package>thredds.cataloggen.catalogrefexpander</package>
                <package>thredds.cataloggen.config</package>
                <package>thredds.cataloggen.datasetenhancer</package>
                <package>thredds.cataloggen.inserter</package>
                <package>thredds.crawlabledataset</package>
                <package>thredds.crawlabledataset.filter</package>
                <package>thredds.crawlabledataset.sorter</package>
                <package>thredds.datamodel.gis</package>
                <package>thredds.datatype.prefs</package>
                <package>thredds.filesystem</package>
                <package>thredds.inventory</package>
                <package>thredds.inventory.filter</package>
                <package>thredds.monitor</package>
                <package>thredds.ui</package>
                <package>thredds.util</package>
                <package>thredds.viewer.gis</package>
                <package>thredds.viewer.gis.shapefile</package>
                <package>thredds.viewer.gis.worldmap</package>
                <package>thredds.viewer.ui</package>
                <package>thredds.viewer.ui.event</package>
                <package>thredds.viewer.ui.geoloc</package>
                <package>thredds.viewer.ui.table</package>
                <package>thredds.wcs</package>
                <package>thredds.wcs.v1_0_0_1</package>
                <package>thredds.wcs.v1_0_0_Plus</package>
                <package>thredds.wcs.v1_1_0</package>
                <package>ucar.atd.dorade</package>
                <package>ucar.grib</package>
                <package>ucar.grib.grib1</package>
                <package>ucar.grib.grib2</package>
                <package>ucar.grid</package>
                <package>ucar.jpeg</package>
                <package>ucar.jpeg.colorspace</package>
                <package>ucar.jpeg.colorspace.boxes</package>
                <package>ucar.jpeg.icc</package>
                <package>ucar.jpeg.icc.lut</package>
                <package>ucar.jpeg.icc.tags</package>
                <package>ucar.jpeg.icc.types</package>
                <package>ucar.jpeg.jj2000.disp</package>
                <package>ucar.jpeg.jj2000.j2k</package>
                <package>ucar.jpeg.jj2000.j2k.codestream</package>
                <package>ucar.jpeg.jj2000.j2k.codestream.reader</package>
                <package>ucar.jpeg.jj2000.j2k.codestream.writer</package>
                <package>ucar.jpeg.jj2000.j2k.decoder</package>
                <package>ucar.jpeg.jj2000.j2k.encoder</package>
                <package>ucar.jpeg.jj2000.j2k.entropy</package>
                <package>ucar.jpeg.jj2000.j2k.entropy.decoder</package>
                <package>ucar.jpeg.jj2000.j2k.entropy.encoder</package>
                <package>ucar.jpeg.jj2000.j2k.fileformat</package>
                <package>ucar.jpeg.jj2000.j2k.fileformat.reader</package>
                <package>ucar.jpeg.jj2000.j2k.fileformat.writer</package>
                <package>ucar.jpeg.jj2000.j2k.image</package>
                <package>ucar.jpeg.jj2000.j2k.image.forwcomptransf</package>
                <package>ucar.jpeg.jj2000.j2k.image.input</package>
                <package>ucar.jpeg.jj2000.j2k.image.invcomptransf</package>
                <package>ucar.jpeg.jj2000.j2k.image.output</package>
                <package>ucar.jpeg.jj2000.j2k.io</package>
                <package>ucar.jpeg.jj2000.j2k.quantization</package>
                <package>ucar.jpeg.jj2000.j2k.quantization.dequantizer</package>
                <package>ucar.jpeg.jj2000.j2k.quantization.quantizer</package>
                <package>ucar.jpeg.jj2000.j2k.roi</package>
                <package>ucar.jpeg.jj2000.j2k.roi.encoder</package>
                <package>ucar.jpeg.jj2000.j2k.util</package>
                <package>ucar.jpeg.jj2000.j2k.wavelet</package>
                <package>ucar.jpeg.jj2000.j2k.wavelet.analysis</package>
                <package>ucar.jpeg.jj2000.j2k.wavelet.synthesis</package>
                <package>ucar.ma2</package>
                <package>ucar.nc2</package>
                <package>ucar.nc2.constants</package>
                <package>ucar.nc2.dataset</package>
                <package>ucar.nc2.dataset.conv</package>
                <package>ucar.nc2.dataset.transform</package>
                <package>ucar.nc2.dods</package>
                <package>ucar.nc2.dt</package>
                <package>ucar.nc2.dt.fmr</package>
                <package>ucar.nc2.dt.fmrc</package>
                <package>ucar.nc2.dt.grid</package>
                <package>ucar.nc2.dt.image</package>
                <package>ucar.nc2.dt.point</package>
                <package>ucar.nc2.dt.point.decode</package>
                <package>ucar.nc2.dt.radial</package>
                <package>ucar.nc2.dt.trajectory</package>
                <package>ucar.nc2.ft</package>
                <package>ucar.nc2.ft.coordsys</package>
                <package>ucar.nc2.ft.grid</package>
                <package>ucar.nc2.ft.point</package>
                <package>ucar.nc2.ft.point.collection</package>
                <package>ucar.nc2.ft.point.remote</package>
                <package>ucar.nc2.ft.point.standard</package>
                <package>ucar.nc2.ft.point.standard.plug</package>
                <package>ucar.nc2.ft.point.writer</package>
                <package>ucar.nc2.ft.radial</package>
                <package>ucar.nc2.ft.scan</package>
                <package>ucar.nc2.geotiff</package>
                <package>ucar.nc2.iosp</package>
                <package>ucar.nc2.iosp.adde</package>
                <package>ucar.nc2.iosp.bufr</package>
                <package>ucar.nc2.iosp.bufr.tables</package>
                <package>ucar.nc2.iosp.bufr.writer</package>
                <package>ucar.nc2.iosp.cinrad</package>
                <package>ucar.nc2.iosp.dmsp</package>
                <package>ucar.nc2.iosp.dorade</package>
                <package>ucar.nc2.iosp.fysat</package>
                <package>ucar.nc2.iosp.fysat.util</package>
                <package>ucar.nc2.iosp.gempak</package>
                <package>ucar.nc2.iosp.gini</package>
                <package>ucar.nc2.iosp.grib</package>
                <package>ucar.nc2.iosp.grid</package>
                <package>ucar.nc2.iosp.hdf4</package>
                <package>ucar.nc2.iosp.hdf5</package>
                <package>ucar.nc2.iosp.mcidas</package>
                <package>ucar.nc2.iosp.misc</package>
                <package>ucar.nc2.iosp.netcdf3</package>
                <package>ucar.nc2.iosp.nexrad2</package>
                <package>ucar.nc2.iosp.nids</package>
                <package>ucar.nc2.iosp.uamiv</package>
                <package>ucar.nc2.iosp.uf</package>
                <package>ucar.nc2.ncml</package>
                <package>ucar.nc2.stream</package>
                <package>ucar.nc2.thredds</package>
                <package>ucar.nc2.thredds.server</package>
                <package>ucar.nc2.ui</package>
                <package>ucar.nc2.ui.grid</package>
                <package>ucar.nc2.ui.image</package>
                <package>ucar.nc2.ui.point</package>
                <package>ucar.nc2.ui.util</package>
                <package>ucar.nc2.units</package>
                <package>ucar.nc2.util</package>
                <package>ucar.nc2.util.cache</package>
                <package>ucar.nc2.util.net</package>
                <package>ucar.nc2.util.xml</package>
                <package>ucar.unidata.geoloc</package>
                <package>ucar.unidata.geoloc.ogc</package>
                <package>ucar.unidata.geoloc.projection</package>
                <package>ucar.unidata.geoloc.projection.proj4</package>
                <package>ucar.unidata.geoloc.projection.sat</package>
                <package>ucar.unidata.geoloc.vertical</package>
                <package>ucar.unidata.io</package>
                <package>ucar.unidata.io.bzip2</package>
                <package>ucar.unidata.io.http</package>
                <package>ucar.unidata.util</package>
                <package>ucar.units</package>
                <package>ucar.util.prefs</package>
                <package>ucar.util.prefs.ui</package>
                <package>visad</package>
                <package>visad.aeri</package>
                <package>visad.aune</package>
                <package>visad.benjamin</package>
                <package>visad.bom</package>
                <package>visad.browser</package>
                <package>visad.cluster</package>
                <package>visad.collab</package>
                <package>visad.data</package>
                <package>visad.data.amanda</package>
                <package>visad.data.avi</package>
                <package>visad.data.bio</package>
                <package>visad.data.biorad</package>
                <package>visad.data.dods</package>
                <package>visad.data.fits</package>
                <package>visad.data.gif</package>
                <package>visad.data.gis</package>
                <package>visad.data.hdf5</package>
                <package>visad.data.hdf5.hdf5objects</package>
                <package>visad.data.hdfeos</package>
                <package>visad.data.hdfeos.hdfeosc</package>
                <package>visad.data.hrit</package>
                <package>visad.data.in</package>
                <package>visad.data.jai</package>
                <package>visad.data.mcidas</package>
                <package>visad.data.netcdf</package>
                <package>visad.data.netcdf.in</package>
                <package>visad.data.netcdf.out</package>
                <package>visad.data.netcdf.units</package>
                <package>visad.data.qt</package>
                <package>visad.data.text</package>
                <package>visad.data.tiff</package>
                <package>visad.data.units</package>
                <package>visad.data.vis5d</package>
                <package>visad.data.visad</package>
                <package>visad.data.visad.object</package>
                <package>visad.formula</package>
                <package>visad.georef</package>
                <package>visad.install</package>
                <package>visad.java2d</package>
                <package>visad.java3d</package>
                <package>visad.jmet</package>
                <package>visad.math</package>
                <package>visad.matrix</package>
                <package>visad.meteorology</package>
                <package>visad.paoloa</package>
                <package>visad.paoloa.spline</package>
                <package>visad.python</package>
                <package>visad.rabin</package>
                <package>visad.ss</package>
                <package>visad.util</package>
            </public-packages>
            <class-path-extension>
                <runtime-relative-path>ext/toolsUI-4.1.jar</runtime-relative-path>
                <binary-origin>release/modules/ext/toolsUI-4.1.jar</binary-origin>
            </class-path-extension>
        </data>
    </configuration>
</project>
