<?xml version="1.0" encoding="UTF-8"?>
<project xmlns="http://www.netbeans.org/ns/project/1">
    <type>org.netbeans.modules.apisupport.project</type>
    <configuration>
        <data xmlns="http://www.netbeans.org/ns/nb-module-project/3">
            <code-name-base>maltcms.libs</code-name-base>
            <suite-component/>
            <module-dependencies/>
            <public-packages>
                <package>apps</package>
                <package>maltcms.commands.distances</package>
                <package>maltcms.commands.distances.dtw</package>
                <package>maltcms.commands.distances.dtw2</package>
                <package>maltcms.commands.filters</package>
                <package>maltcms.commands.filters.array</package>
                <package>maltcms.commands.fragments.alignment</package>
                <package>maltcms.commands.fragments.assignment</package>
                <package>maltcms.commands.fragments.cluster</package>
                <package>maltcms.commands.fragments.io</package>
                <package>maltcms.commands.fragments.peakfinding</package>
                <package>maltcms.commands.fragments.preprocessing</package>
                <package>maltcms.commands.fragments.visualization</package>
                <package>maltcms.commands.fragments.warp</package>
                <package>maltcms.commands.fragments2d.peakfinding</package>
                <package>maltcms.commands.fragments2d.preprocessing</package>
                <package>maltcms.commands.fragments2d.testing</package>
                <package>maltcms.commands.fragments2d.visualization</package>
                <package>maltcms.commands.fragments2d.warp</package>
                <package>maltcms.commands.fragments2d.warp.visualization</package>
                <package>maltcms.commands.scanners</package>
                <package>maltcms.datastructures.alignment</package>
                <package>maltcms.datastructures.array</package>
                <package>maltcms.datastructures.array.tests</package>
                <package>maltcms.datastructures.caches</package>
                <package>maltcms.datastructures.cluster</package>
                <package>maltcms.datastructures.constraint</package>
                <package>maltcms.datastructures.fragments</package>
                <package>maltcms.datastructures.ms</package>
                <package>maltcms.datastructures.peak</package>
                <package>maltcms.datastructures.warp</package>
                <package>maltcms.db</package>
                <package>maltcms.db.connection</package>
                <package>maltcms.db.predicates</package>
                <package>maltcms.db.predicates.metabolite</package>
                <package>maltcms.db.similarities</package>
                <package>maltcms.db.test</package>
                <package>maltcms.db.ui</package>
                <package>maltcms.experimental.datastructures</package>
                <package>maltcms.experimental.operations</package>
                <package>maltcms.experimental.ui</package>
                <package>maltcms.experimental.views</package>
                <package>maltcms.io</package>
                <package>maltcms.io.andims</package>
                <package>maltcms.io.proteomecommons</package>
                <package>maltcms.io.xml.mzData</package>
                <package>maltcms.io.xml.mzML</package>
                <package>maltcms.io.xml.mzXML</package>
                <package>maltcms.runtime</package>
                <package>maltcms.tests</package>
                <package>maltcms.tools</package>
                <package>maltcms.ui</package>
                <package>maltcms.ui.charts</package>
                <package>maltcms.ui.renderer</package>
                <package>maltcms.ui.wizard</package>
                <package>res.r2catFreeHEP.org.freehep.graphics2d</package>
                <package>res.r2catFreeHEP.org.freehep.graphics2d.font</package>
                <package>res.r2catFreeHEP.org.freehep.graphicsio</package>
                <package>res.r2catFreeHEP.org.freehep.graphicsio.exportchooser</package>
                <package>res.r2catFreeHEP.org.freehep.graphicsio.font</package>
                <package>res.r2catFreeHEP.org.freehep.graphicsio.latex</package>
                <package>res.r2catFreeHEP.org.freehep.graphicsio.pdf</package>
                <package>res.r2catFreeHEP.org.freehep.graphicsio.png</package>
                <package>res.r2catFreeHEP.org.freehep.graphicsio.ps</package>
                <package>res.r2catFreeHEP.org.freehep.graphicsio.raw</package>
                <package>res.r2catFreeHEP.org.freehep.graphicsio.svg</package>
                <package>res.r2catFreeHEP.org.freehep.swing</package>
                <package>res.r2catFreeHEP.org.freehep.swing.layout</package>
                <package>res.r2catFreeHEP.org.freehep.util</package>
                <package>res.r2catFreeHEP.org.freehep.util.export</package>
                <package>res.r2catFreeHEP.org.freehep.util.images</package>
                <package>res.r2catFreeHEP.org.freehep.util.io</package>
                <package>res.r2catFreeHEP.org.freehep.util.xml</package>
                <package>smueller</package>
                <package>smueller.alignment</package>
                <package>smueller.datastructure</package>
                <package>smueller.tools</package>
            </public-packages>
            <class-path-extension>
                <runtime-relative-path>ext/maltcms-metaboliteDB.jar</runtime-relative-path>
                <binary-origin>release/modules/ext/maltcms-metaboliteDB.jar</binary-origin>
            </class-path-extension>
            <class-path-extension>
                <runtime-relative-path>ext/maltcms-cfg.jar</runtime-relative-path>
                <binary-origin>release/modules/ext/maltcms-cfg.jar</binary-origin>
            </class-path-extension>
            <class-path-extension>
                <runtime-relative-path>ext/maltcms-experimental-lib.jar</runtime-relative-path>
                <binary-origin>release/modules/ext/maltcms-experimental-lib.jar</binary-origin>
            </class-path-extension>
            <class-path-extension>
                <runtime-relative-path>ext/maltcms-apps.jar</runtime-relative-path>
                <binary-origin>release/modules/ext/maltcms-apps.jar</binary-origin>
            </class-path-extension>
            <class-path-extension>
                <runtime-relative-path>ext/maltcms-symbolicRepAlignment-lib.jar</runtime-relative-path>
                <binary-origin>release/modules/ext/maltcms-symbolicRepAlignment-lib.jar</binary-origin>
            </class-path-extension>
            <class-path-extension>
                <runtime-relative-path>ext/maltcms-res.jar</runtime-relative-path>
                <binary-origin>release/modules/ext/maltcms-res.jar</binary-origin>
            </class-path-extension>
            <class-path-extension>
                <runtime-relative-path>ext/maltcms-lib.jar</runtime-relative-path>
                <binary-origin>release/modules/ext/maltcms-lib.jar</binary-origin>
            </class-path-extension>
        </data>
    </configuration>
</project>
