<?xml version="1.0" encoding="UTF-8"?>
<!DOCTYPE filesystem PUBLIC "-//NetBeans//DTD Filesystem 1.2//EN" "http://www.netbeans.org/dtds/filesystem-1_2.dtd">
<filesystem>
    <folder name="Navigator">
        <folder name="Panels">
            <folder name="application">
                <folder name="jfreechart+overlay">
                    <file name="net-sf-maltcms-common-charts-overlay-ui-OverlayNavigatorPanel.instance">
                        <!--net.sf.maltcms.common.charts.overlay.ui.OverlayNavigatorPanel-->
<!--                        <attr
                            methodvalue="org.netbeans.modules.navigator.LazyPanel.create" name="instanceCreate"/>-->
                        <!--<attr name="delegate" newvalue="net.sf.maltcms.common.charts.overlay.ui.OverlayNavigatorPanel"/>-->
                        <!--<attr name="displayName" stringvalue="Chart Overlay"/>-->
                    </file>
                </folder>
            </folder>
        </folder>
    </folder>
</filesystem>
